id,name,age,city
1,Joseph Griffin,27,Lake Marybury
2,Julia Rodriguez,50,Mclaughlinbury
3,Charles Fields,19,Toddberg
4,Jared Gibson,45,Hannahland
5,Holly Herring,48,Cristinaburgh
6,Matthew Morales,55,Beardhaven
7,Benjamin Gibson,26,Lake Christine
8,Kelly Garrett,21,North Abigailchester
9,Stephen Fisher,56,Christopherport
10,Taylor Dixon,38,Whitebury
11,William Smith,30,Steelechester
12,William Price,64,Lake Courtney
13,Gary Tate,45,Kimberlyhaven
14,Danielle Burch,50,West Lisafort
15,Kent Jones,65,Frederickview
16,Kristin Barker,25,Harrisville
17,Elizabeth Weaver,24,Alvarezchester
18,William Osborne,23,North Gregoryshire
19,Nancy Benson,54,Marshallstad
20,Christine Duarte,56,Torresville
21,Bethany Alvarado,29,Port Mark
22,Linda Morse,43,Lawrencemouth
23,Trevor Schultz,64,Lake Cynthiaton
24,Karen Diaz,27,Timfurt
25,Juan Shepard,18,New Ryan
26,Carolyn Perez,49,South Alexis
27,Ryan Mcneil,50,New Matthewfort
28,Barbara Perry,27,Daniellebury
29,Sean Combs,55,Younghaven
30,Amy Smith,31,Joseport
31,Scott Ortega,48,Lake Carriemouth
32,Laura Robinson,45,North Desireechester
33,Jordan Chandler,59,Shanehaven
34,Sarah Rodriguez,26,West Stephenberg
35,Tara Cummings,54,Ryanchester
36,Keith Schultz,19,Port Brucefurt
37,Dr. Robert Allen,52,Lauratown
38,Jamie Lopez,23,South Gina
39,Craig Herrera,52,Lake Nathanton
40,Chelsea Cox,46,Port Christianview
41,Kimberly Miller,27,Port Michael
42,Brianna Phillips,41,Thomasborough
43,David Alexander,55,Katherineborough
44,Nancy Hardin,24,Sabrinamouth
45,Christine Perry,29,Brownbury
46,Nicole Chavez,37,Joshuaborough
47,Christine Russell,26,Heatherberg
48,Kayla Matthews,65,Williamshaven
49,Amanda Welch,33,Port Veronica
50,Meghan Sanchez,60,Darleneview
51,Bryan Carroll,41,Port Christophermouth
52,Matthew Sampson,34,West Justin
53,Monica Keller,28,West Juan
54,Mrs. Caitlin Carlson,46,West Brandonland
55,Joshua Stephens,65,Natashaton
56,Tara Combs,31,West James
57,Cynthia Bennett,57,South Johntown
58,Morgan Lopez,43,Elizabethmouth
59,Natalie Barrera,43,Deborahburgh
60,Bob Wang,56,Christinaborough
61,Rachel Randall,41,Port Michael
62,Ann Andrade,49,Alvarezhaven
63,Mitchell Ramirez,41,Yeseniafurt
64,Kelsey Cooper,40,Bradleystad
65,Madison Lewis,64,West Christopher
66,Kelly Payne,65,Scottville
67,David Cook,19,New Joshua
68,Deborah Mcbride,21,Johnside
69,Jennifer Henderson,57,West Bobbymouth
70,Haley Wilson,54,Rodriguezhaven
71,Donald Yoder,34,Marshshire
72,Harold Williams,25,East Douglas
73,Nicole Bowman,21,Matthewton
74,Andrea Moreno,50,South Kimberlytown
75,Tiffany Scott,22,Allisonfort
76,Erin Harris,33,Wesleyside
77,Darin Bowman,20,New Amy
78,Kristen Simmons,48,East Amanda
79,James Brandt,63,North Jody
80,John Henry,48,Farrellburgh
81,Lisa Fields,30,East Gary
82,Jacob Merritt,35,Lake Joshua
83,Felicia Estrada,54,Lake Michaelmouth
84,Beverly Rangel,55,West Shannonfort
85,Sue Mack,31,West Dakotaview
86,Michael Lee,53,Youngland
87,Michael Baker,54,Andersonburgh
88,Emily Williams,50,East Taramouth
89,Joseph Price,56,New Heatherton
90,Jennifer Oliver,21,Port Margaretfurt
91,Rick Reese,61,Kristinashire
92,Alexis Perez,23,East Loriville
93,Sheila Gibson,51,Brockborough
94,Kelly Logan,62,Annborough
95,Heather Anderson,32,Reidhaven
96,Debra Beltran,35,Jesseton
97,Mason Ramirez,25,Lake Madisonchester
98,Melissa Smith,63,Kyleside
99,Jordan Pratt,55,Louisview
100,James Pope,not_a_number,North Ericberg
101,Steven Shelton,33,Johnsonfurt
102,Lisa Walker,49,New Michaelborough
103,Sarah Gonzalez,30,Lindseyborough
104,Jennifer Hanna,53,Aprilview
105,Danielle Jones,22,Rhodesfurt
106,Brenda Ford,56,Travisshire
107,Tracey Hansen,47,Staffordtown
108,Vincent Mendez,31,East Christopher
109,Timothy Wilson,48,South Emily
110,Melissa Gross,52,East Brian
111,Andrea Sanchez,31,Carrillostad
112,Susan Price,46,North Kristinachester
113,Joseph Powell,31,New Peterfurt
114,Cody Curry,50,East Adam
115,Mrs. Sherry Fischer,20,East Justinberg
116,Kaitlin Rose,35,Katrinaborough
117,Sheila Santos,63,Sheilaberg
118,Stephen Vaughn,22,New Kaitlinburgh
119,Susan Johnston,55,Austinside
120,Drew Larsen,46,Stephanieton
121,Mr. Donald Wheeler,48,East Tammy
122,Tyler Anderson,40,West Jeremyshire
123,Amanda Bell,56,Tannerville
124,Betty Odom,53,Dixonfurt
125,Timothy Johnson,38,Ryanberg
126,Dawn Maxwell,36,New Bryan
127,Stacy Mathis,40,Johnsonton
128,Robert Brown,52,North Mary
129,Stephen Thomas,44,Port Garyport
130,Melanie Bishop,18,Leestad
131,Ronald Scott,40,New Amber
132,Michele Kelly,61,Foleybury
133,Rachael Macias,47,Johnview
134,Gina Hernandez,24,North Deborahbury
135,Beth Montgomery,52,South Charles
136,Colleen Lucero,46,Robertshire
137,Vickie Baker,46,West Williamfurt
138,Victoria Henry,37,Christinetown
139,David Diaz,24,Palmerton
140,Crystal Fox,37,Hollyshire
141,Taylor Silva,61,Gardnerberg
142,Nancy Duarte,50,Joshuaberg
143,Joseph Odonnell,60,South Beckyland
144,Mary Wright,40,Lake Dawnside
145,Richard Martin,42,New Christopher
146,Shelly Villarreal,45,Brendanland
147,Raymond Gillespie,20,East David
148,Erin Hernandez,64,Rodgersland
149,Michael Nguyen,42,Nicholaston
150,,31,East Mary
151,Nicole Diaz,42,Gutierrezborough
152,Catherine Harper,50,Esparzahaven
153,Justin Miller,31,North Lisa
154,Allison Jones,59,East Heather
155,Rebecca Jenkins,21,Gentryburgh
156,Cory Wheeler,21,Brownbury
157,Matthew Bishop,22,Gonzalezfurt
158,Bruce Bernard,50,Kristenfort
159,Jason Meyers,35,South Kristin
160,Hannah Alvarado,18,Melindaburgh
161,Benjamin Smith,33,Adamstad
162,Thomas Moore,27,Patriciamouth
163,Amy Harris DVM,33,Stephensonfort
164,Heidi Jackson,61,North Angela
165,Matthew Richardson,55,Batesland
166,Daniel Miles,50,West Nicole
167,Sergio Stewart DDS,41,Brownville
168,Carlos James,21,New Michael
169,Steven Williamson,33,West Claytonmouth
170,Philip Shaw,25,Port Veronicaville
171,Alec Proctor,55,South Alicia
172,Roberto Adams,35,Tanyaburgh
173,Brenda Rodriguez,58,South Ryan
174,Bonnie Alvarez,47,West Jessicamouth
175,Shawn King,46,Howellfort
176,Charles Jackson,21,Estradashire
177,Matthew Suarez,50,Lake Michaelport
178,Daniel King,38,Crawfordborough
179,Laurie Patrick,51,South Linda
180,Daniel Hunt,56,South Carolfort
181,James Fisher,50,East Samantha
182,Sydney Molina,32,Joseborough
183,Lisa Mcknight,27,Josephtown
184,Jon Smith,28,West Melinda
185,Anna Cooley,49,Lake Christopherview
186,Justin Johnston,20,Alexanderside
187,Alexis Williams,65,East Nicholasmouth
188,Thomas Sanchez IV,60,Johnsonberg
189,Samuel Williams,38,Nicholasville
190,Heather Mckinney,34,Kimberlyhaven
191,Elizabeth Rodriguez,48,Georgeport
192,Robert Webb,29,Jeffreytown
193,Samuel Molina,20,Jenniferborough
194,Johnny Wright,45,Parkerhaven
195,Kari Edwards,19,West Michellefort
196,John Leonard,38,Port Rickview
197,Matthew Olson,33,South Johnstad
198,Abigail Schultz,26,South Carolyn
199,Daniel Evans,22,Molinaburgh
200,Ashley Adams,not_a_number,New Connie
201,Ian Henry,34,Robertton
202,Scott Anderson,40,Marcusstad
203,Angela Gibson,65,Christopherfurt
204,Anthony Carter,63,North Monica
205,Carolyn Grimes,26,East Amandaport
206,Nicholas Andersen,63,Port Johnview
207,Gerald Liu,30,East Mikeside
208,Robert Little,40,Port Heather
209,Kristopher Curtis,24,East Nicolemouth
210,Brooke Pena,47,Port Robert
211,Cathy Dean,24,Meganshire
212,Matthew Maddox,30,Andrewfort
213,Gregory Beasley,19,East Traceybury
214,Matthew Nash,44,Jillton
215,Jennifer Phillips,30,Port Dakotachester
216,Mackenzie Johnston,30,Port Catherine
217,Stephanie Kim,23,South Joshua
218,Kevin Wolf,25,Lake Colin
219,Jose Barnes,38,New Mitchellmouth
220,David Duncan,65,North Cameron
221,Madison Weeks,61,Annbury
222,Joshua Gordon,42,East Kimberly
223,Jack Rhodes,24,North Aaronmouth
224,Richard Thompson,51,Andersontown
225,John Green,65,Leefort
226,Steven Gentry,52,North Kevin
227,Carmen Murphy,62,Sharonmouth
228,Ronald Thomas,37,South Benjaminhaven
229,Devin Briggs,52,Melissastad
230,Nathaniel Murphy,48,Lake Jamesfurt
231,Samantha Blake,24,West Ericaburgh
232,Jeffrey Zhang,65,East Adamport
233,Diana Moore,19,Warnerchester
234,Taylor White,44,Port Duaneton
235,Ruth Garrison,35,Boydchester
236,Jacqueline Garcia,37,Port Devinside
237,Megan Davies,30,South Kimberlyfort
238,Tyler Pollard,59,Markfurt
239,Holly Benjamin,38,North Brandy
240,Debra Dickson,33,Robertostad
241,Mark Mills,38,New James
242,Adam Adams,51,Stanleyton
243,Tanya James,61,Fischerton
244,Scott Ortega,23,Jenniferside
245,Linda Lynch,55,North Alexisside
246,Elizabeth Turner,46,Alexandertown
247,Laurie Bowman,18,Caldwellside
248,Pamela Valdez,62,East Karinashire
249,Mark Mercado,52,Bridgesborough
250,Lauren Rice,33,Matthewville
251,Dawn Gibson,49,Peterside
252,Robert Lewis,58,Porterside
253,Brian Harrison,53,Ginatown
254,Carrie Powell,50,North Angela
255,Mary Rivera,49,Tiffanyshire
256,Jacob Quinn,27,Barbarahaven
257,Christina Herrera,44,South Tanyaville
258,Jessica Baker,48,Kyleton
259,Ryan Potter,24,Dylanmouth
260,Emily Bailey,35,Heidifort
261,Mr. Timothy Rivera,44,Rowemouth
262,Mrs. Pamela Bradley,25,Emilyport
263,Kristi Shah,44,Cynthiahaven
264,Sandra Cox,43,West Kathy
265,Lauren Sanders,19,South Justinhaven
266,Jennifer Gallegos,27,Reginaville
267,William Thomas,31,Powersport
268,Pamela Robinson,41,North David
269,Mr. John Kelly,19,Craneville
270,Angela Hall,65,South Phillip
271,Amanda Lynch,46,Adamsmouth
272,William Edwards,30,Port Reneeland
273,William Sanford,21,Glenbury
274,Dustin Benitez,64,Port Jenniferborough
275,Bailey Raymond,21,Heathport
276,Joseph Lee,45,Jonesview
277,Joshua Davis,20,Kennedyville
278,Barbara Best,19,Lake Kimberly
279,Sheila Long,28,Frankside
280,Gilbert Allen,23,Lake Taramouth
281,Jennifer Elliott,23,Troyville
282,Linda Stewart,39,Port Christymouth
283,Angela Holmes,31,East Williamton
284,Nicole Johnson,21,Lake Katrinabury
285,Steven Dennis,60,New Nicolefurt
286,Elizabeth Snyder,27,Floreston
287,Kevin Daniels,35,South Justinstad
288,Angela Reed,32,Benjaminton
289,Renee Ellison,30,Laurashire
290,Jennifer Boyer,19,West Michael
291,Shawn Pratt,35,North Lisaborough
292,Joshua Bryant,65,Lake Ashley
293,Joseph Parks,27,Chapmanbury
294,Dana Wilson,34,Justintown
295,Matthew Carter,39,Ramosberg
296,Kevin Lewis Jr.,60,Lake Karimouth
297,Kelly Mitchell,65,Lake Dean
298,Adam Lucas,63,West Anthony
299,Mark Beltran,31,Petersonshire
300,,not_a_number,Powellton
301,Jamie Fry,28,New Trevormouth
302,Taylor Jackson,48,East Rebecca
303,Karen Zamora,27,New Jennifer
304,Wendy Mcintyre,25,Port Ruth
305,Kim Sutton,33,North Shannon
306,Thomas Sawyer,43,Andreahaven
307,Matthew Friedman,56,East Gregory
308,Barbara Mcneil,50,Acostaton
309,Melissa Torres,35,Christopherland
310,Sean Saunders,34,Lake Susanhaven
311,Amanda Bishop,53,North Lisa
312,Stephen Dean,30,New Christopher
313,Diane Richardson,52,Kathyton
314,Jeffrey Blair,58,East Kayleefurt
315,Monica Johnson,50,Dianefurt
316,Javier Hampton,55,Port Henry
317,Daniel Neal,58,Port Carriefort
318,Daniel Harrison,24,Chapmanhaven
319,Lindsey Jones,39,Sherribury
320,Garrett Weber,50,Crystalport
321,Jason Guerrero II,36,Smithside
322,Rebecca Newman,24,Nataliemouth
323,Dennis Davis,45,Hintontown
324,Brian Walsh,55,Port Emilyfort
325,Anthony Higgins,55,Brewermouth
326,Cameron Adams,27,Lake Tina
327,Bobby Jones,58,Dalefort
328,Keith Gonzalez,55,Reyesfurt
329,Lisa Schneider,28,Jessicaborough
330,Richard Anderson,65,Porterview
331,Tony Brooks,19,North Justinland
332,Michael Leon,33,New Katherinemouth
333,Lisa Lewis,33,Maureenmouth
334,Keith Oneill,44,Robertborough
335,Michael Ferrell,50,Baileyton
336,Patrick Wilson,37,Rodriguezland
337,Amanda Pham,28,Susanhaven
338,Adam Castillo,60,Michaelfurt
339,Nicole West,26,Dianafurt
340,Julia Leon,19,New Jennifer
341,Andres Herrera,32,Gonzalesborough
342,Christine Michael MD,18,Rodriguezmouth
343,Tyler Taylor,19,North Jonathanburgh
344,Derek Reyes,37,Port Allen
345,Michael Edwards,21,West James
346,Daniel Rodriguez,36,Jacksonborough
347,Heidi Williams,63,Lake Kelli
348,Michael Burns,38,Delgadoborough
349,Cynthia Barker,64,West Edward
350,Steven Anthony,56,Port Jose
351,Sarah Owens,59,Gonzalezhaven
352,Kevin West,39,Hudsonport
353,Sara Gonzalez,44,Johnsonfurt
354,Ross White,48,Aaronburgh
355,Rachel Cervantes,36,Heatherbury
356,James Rivera,51,Mccoyburgh
357,Robert Levy,53,North Destiny
358,Brian Cruz,49,Coffeyborough
359,Alisha Hernandez,44,Port Eric
360,Brittany Cross,51,Jonathanbury
361,Joel Carpenter,51,East Jadechester
362,Jessica Mccarthy,28,Mariefurt
363,Robin Rodriguez,62,Kaylaberg
364,Gabriel Lopez,44,Chandlerfort
365,Charles Harrington,19,Jasonchester
366,Jacob Alvarez,63,Port Thomasport
367,Steven Goodman,43,Lake Danielleborough
368,Andrew Boyle,42,Clarkeborough
369,Cameron King,44,South Carlosshire
370,Kristen Villegas,25,New Christopher
371,Barry Parker,31,New Juan
372,Amy Gutierrez,20,Lake Roberta
373,Michael Lee,35,South Rachelfort
374,Curtis Suarez,25,Moraburgh
375,Jacob Morales,19,West Andrew
376,Amy Swanson,60,Lake Tracy
377,Kaitlyn Cabrera,39,Lake Kennethview
378,Lorraine Barton,24,Port Joshuaside
379,William Brown,53,Sophiaborough
380,Rhonda Baker,24,Williamsmouth
381,John Humphrey,24,South Nicole
382,Glenn Johnston,38,New Anthony
383,Robert Anderson,47,Port Lauriebury
384,Christine Holland,65,East Alexanderborough
385,Leslie Knight,38,South Patriciaview
386,Wesley Jones,53,New Melaniefort
387,John Gilbert,46,Peggystad
388,Ronald Anderson,38,Williamfort
389,John Montoya,49,Lake Aaron
390,John Ponce,56,Rushburgh
391,Jonathan Pittman,22,South Janicemouth
392,Tiffany Wright,60,Lake Crystal
393,Deborah Skinner,24,West Melissaland
394,Abigail Villarreal,57,Samanthaview
395,Emily Williams,34,Lake Dean
396,Autumn Moore,53,Powellbury
397,Christopher Nichols,44,Port Kevinshire
398,Kevin King,36,Wilsonfort
399,Lindsey Jenkins,52,Ramosport
400,Johnny Mcguire,not_a_number,Kathyburgh
401,Terri Rosales,50,Port Lisa
402,James Bell,27,Josephburgh
403,Ian Martin,52,East Thomas
404,Aaron Johnson,48,Lawrencestad
405,Jonathan Stokes,44,Pottsshire
406,Tammy Moore,50,Leechester
407,Carly Lee,41,Lake Lisafort
408,Rachel Doyle,18,Garciaton
409,Natalie Wilcox,36,Hayesfort
410,Stephanie Simmons,20,Danielburgh
411,Robert Sweeney,41,Debrahaven
412,Jessica Soto,54,South Angela
413,Shane Romero,18,Ramoshaven
414,Aaron Taylor,60,North Rhondaberg
415,Anthony Patrick,34,North Antonioborough
416,Becky Campbell,51,West Mary
417,Angel Davis,30,North Jessicamouth
418,Kristina Hicks,49,North Robinmouth
419,Eric Jones,26,Pearsonburgh
420,Thomas Boyd,35,West Deborahland
421,Andrew Gardner,31,North Daniel
422,Renee Hughes,27,North Natalieview
423,Scott Villanueva,18,Vasquezfurt
424,Jamie Hardy,50,Ericland
425,Wanda Matthews,40,North Denisefort
426,Robin Williams,46,Lake Beverly
427,Christopher Mccoy,55,East Allison
428,Andrew Holland DVM,62,Marytown
429,Elizabeth Turner,44,West Peter
430,Zachary Horn,36,West Connie
431,Elizabeth Dominguez,25,Emilymouth
432,Judy Gill,29,Daleburgh
433,Angela Johnson,57,West Taraview
434,Jennifer Davenport,58,Nelsonberg
435,Dr. Frank Wells,45,Lake Lisa
436,Joann Spencer,32,Morganport
437,Brian Gordon,30,Amandaview
438,Zachary Green,51,Williamchester
439,Eric Norton,33,South Keith
440,Teresa Jackson,55,Jacobmouth
441,Shane Gilbert,35,East Christopherview
442,Joseph Garcia,25,East Dwayne
443,Kyle Miller,47,South Brianville
444,Tricia Miller,45,Hallshire
445,Jacqueline Ross,44,Travisshire
446,Dr. Christina Gregory,51,Paigeville
447,Shannon Carter,22,West Jesus
448,Dustin Hill,51,Campbellland
449,Debra Hall,44,East Jesus
450,,41,Hernandezton
451,Phillip Rodriguez,21,New Alyssaburgh
452,Michelle White,65,Lake Tylerberg
453,Ruth Howard,34,Lake Rayside
454,Charles Guerrero,38,Pamelaborough
455,Mr. Matthew Rowland,30,Lake Amanda
456,Misty Reese,51,South Heathertown
457,Justin Schmidt,60,Sharonstad
458,Colin Lopez,26,Smithport
459,Nicholas Hendricks,50,West Adrianfurt
460,Julie Hester,33,Davidhaven
461,Alan Beck,52,North Michael
462,John Harris,36,Lindsayside
463,Darren Davis,19,Karenhaven
464,Michael Ramos,49,Brennanville
465,Elizabeth Nelson,64,Luisside
466,Rebecca Garcia,50,Normanville
467,Amber Poole,64,East Jamie
468,Tracy Gonzalez,59,Steveport
469,Robert Brock,52,East Monique
470,Kristin Davis,53,Adamston
471,James Benjamin,28,East Brookechester
472,Patrick Miller,32,South Anthonyside
473,Toni Briggs,24,New Christophermouth
474,Michelle Dunn,48,Stevensland
475,Elizabeth Payne,57,Robertaport
476,Alyssa Perez,60,Kochton
477,Alexa Reed,24,South Elizabethport
478,Patrick Wallace Jr.,61,South Lori
479,Charles Bauer,49,Kimberlystad
480,Amanda Murray,32,Bauerfort
481,Kimberly Perry,18,North Jacob
482,Richard Ortiz PhD,53,Lake William
483,Samuel Fry,36,Ryanshire
484,Matthew Jordan,25,Lake David
485,Stephanie Campbell,37,Lake Shelly
486,Scott Patel,36,Kyleland
487,Jason Osborne,40,Jenniferland
488,Mary Clark,58,South Diane
489,Isabella Hernandez,50,Lake Jeffrey
490,Mr. Robert Cox MD,42,New Travis
491,Sharon Gibbs,47,Lake Shaneberg
492,David Byrd,52,Elizabethland
493,Cassandra Evans,38,Josephstad
494,Bobby Martin,35,East Jose
495,Troy Dixon,41,East Kevinfort
496,Thomas Sullivan,42,East Robert
497,Michael Flores,56,Pittmanfort
498,Donna Gray,57,Stephanieberg
499,Jennifer Zamora,36,Mcculloughberg
500,Ronald Thompson,not_a_number,East Anthony
501,Alicia Peters,21,Lake Lindsay
502,Toni Owens,58,East Joanna
503,Courtney Tucker,30,Port Codyside
504,Jamie Morris,43,Jordantown
505,Diana York,60,Gordonburgh
506,Eric Cole,36,New Andrea
507,Michael Bray,20,Patrickmouth
508,Paul Barr,64,Pattyfort
509,Scott Cohen,50,Williamsborough
510,Nicole Brown,20,West Jesseborough
511,Patricia Higgins,43,East Maryville
512,Samuel Perkins,21,Aaronville
513,Edward Gates,45,Reneeton
514,Shawn Harvey,26,Johnmouth
515,Sophia Munoz,27,East Nicolefurt
516,Cory Jordan,52,Brittanyside
517,Rachel Taylor,62,New Juliefurt
518,Amanda Guerra,54,New Jamiechester
519,Timothy Simon,39,Wilkersonburgh
520,Yvonne Mayo,60,Hawkinsfurt
521,Richard Espinoza,33,Port Gregoryport
522,Melinda Payne,28,Teresaburgh
523,Kenneth Mullen,49,North Chadtown
524,Christopher Lewis,43,Phyllisside
525,Richard Montes,46,East Beth
526,Lauren Kerr,27,Johnsonshire
527,Gabriel Sutton,35,Port Amandaview
528,Katie White,34,Lake Nathan
529,Leslie Davis,28,North Philliptown
530,Erin Wilcox,59,West Ebony
531,Thomas Mendez,64,Richardsonland
532,Bradley Thompson,53,Edwardsfurt
533,Edgar James,39,Tracyview
534,Benjamin Smith,24,South Jillhaven
535,Jacqueline Hines,22,Nicholasmouth
536,Lauren Blake,39,West Stephanie
537,James Mccann,53,North Jessica
538,Stephen Jones,39,West Lisa
539,Thomas Smith,38,West Lorettafurt
540,Brandy Green,20,Port Jenniferfort
541,Mark Hamilton,35,Jacobborough
542,Cynthia Perez,64,Brianberg
543,Michael Gonzalez,50,Garciaborough
544,Shannon Brown PhD,46,Andreside
545,Jessica Miller,45,East Adrienne
546,Charles Banks,23,Kevinfort
547,Jermaine Ramirez,65,Robertsburgh
548,Michael Sullivan,49,Wongtown
549,Juan Banks,62,New Hannah
550,Rebecca Scott,36,Port Jerrybury
551,Joshua Wise,40,Curryborough
552,Mitchell Floyd,54,Port Jonathanbury
553,Larry Elliott,24,Evanschester
554,Crystal Sanders,51,South George
555,Sandra Carr,45,South Petermouth
556,Diamond Gallagher,40,Michelletown
557,Karen Rodriguez,46,Colonborough
558,Diane Miller,46,East David
559,Beverly Bryan,57,Grahamstad
560,James Garcia,65,Jessicafurt
561,Jenna Liu,43,South Robert
562,Brian Delgado,40,South Jeffrey
563,Kyle Morris,50,Port Jonathan
564,Marc Adams,26,Port Randy
565,Stephanie Fowler,19,West Kyletown
566,Clayton Snyder,63,Brownstad
567,Amy Reynolds,30,Greeneland
568,Robert Carpenter,64,West Davidstad
569,Alice Raymond,19,East Jenniferhaven
570,Jessica Rice,24,East Lindaside
571,Justin Davis,18,South Bethbury
572,Dr. Tony Lee Jr.,21,Franktown
573,William Mcdaniel,44,South Darrenton
574,Anne Nguyen,36,Teresatown
575,Kerri Cole MD,64,New Kelly
576,Erin Mcdaniel,29,Rhondaton
577,Jenny Guzman,23,North Anthonyborough
578,Melissa Henry,22,New Cynthia
579,James Turner,57,East Carrie
580,Jennifer Lee,20,Wongborough
581,Laura Dominguez,37,Staffordmouth
582,Jennifer Knight,35,Larsenland
583,Adam Cardenas,53,West Stephen
584,Ms. Megan Brown,55,Port Joyce
585,Sue Garcia,24,Lake Kiara
586,Tiffany Howard,57,East Rebeccaton
587,April Johnson,29,South James
588,Michael Norris,60,South Mandyberg
589,Jessica Robinson,39,Karinaburgh
590,Christopher Ochoa,58,Novakchester
591,Donna Williams,56,Smithberg
592,Jessica Williams,55,South Laurie
593,James Conner,32,South Laura
594,Linda Salinas,27,Port Dominic
595,Joseph Wood,39,North Jacob
596,Paula Edwards,49,Port Heatherton
597,Sarah Tanner,65,Port Kylefurt
598,Felicia Walker,54,Kathleenmouth
599,Megan James DDS,55,Lorimouth
600,,not_a_number,Port Anthony
601,Jennifer Porter,42,Duncanville
602,James Rosario,46,Virginiatown
603,Gabriel Mccarty,19,New Timothyport
604,Debra Davis,43,East Mason
605,Stacy Santiago,35,Tracyhaven
606,Randy Gomez,40,Simsside
607,Erica Jones,19,Mitchellchester
608,Michael Smith,53,Williamstad
609,Rebecca Novak,48,Sawyermouth
610,Daniel Lynn,21,Danielchester
611,Brian Jackson,57,Taylorville
612,Justin Thornton,29,Benitezchester
613,Chad Maxwell MD,46,Kristinaside
614,Kristen Phillips,44,Huffmanview
615,Hannah Johnson,56,Millerfurt
616,Vincent Castillo,32,Lake Brendaport
617,Yvette Maldonado,39,New Luisberg
618,Clifford Reese,41,North Noah
619,Donald Maxwell,39,Patriciamouth
620,Phillip Robles,37,New Amyport
621,Jennifer Cannon,53,Harrischester
622,Katherine Elliott,38,Bryanborough
623,Isaiah Martin,49,Kellyberg
624,Terry Strickland,47,Cartershire
625,Danny Rush,19,Jodybury
626,Rebecca Hansen,64,West Michael
627,Anthony Bailey,62,Osborneview
628,Eric Cherry,56,East Anthonyberg
629,Alice Brown,24,Port Wesleyshire
630,Ashley Anderson,54,Lake Daniel
631,Derek Holloway,37,Jasmineborough
632,Wesley Munoz,64,Port Autumntown
633,Terry Escobar,61,Port Denise
634,Joseph Richardson,25,Michaelaburgh
635,Kevin Newman,51,East Jamesland
636,Deborah Clarke,32,South Erica
637,Frances Steele,50,East Scottport
638,Rachel Matthews,49,West Troyborough
639,Chad Smith,55,Murphyburgh
640,Hannah Sandoval,42,Kempland
641,Tammy Chavez,47,Dominguezstad
642,Sophia Thomas,42,East Jeffrey
643,Greg Miller,34,East Matthewview
644,Christopher Gomez,59,North Racheltown
645,Michael Rogers,50,New Kevinville
646,Michael Ruiz,30,Travisstad
647,Luke Wiggins,20,East Samantha
648,Jonathan Wright,48,Hallland
649,Stephanie Johnson,48,South Anthony
650,Robert Ellison,36,East Desireechester
651,Keith Maddox,53,Jasonburgh
652,Colin Sanchez,44,Brandonbury
653,Nicholas Anderson,23,Port Bryan
654,Melanie Garcia,48,South Dannyton
655,Paula Miller,21,Port Jennifer
656,Sandra Mckinney,61,East Brittany
657,Mark Bailey,62,Lake Shelly
658,Charles Nelson,56,Clarkburgh
659,Kenneth Garcia,46,Lake Zachary
660,Christopher Liu,44,East Peggytown
661,Brenda House,38,North Margaret
662,Jennifer Sandoval,35,Sarahstad
663,Joseph Doyle,25,Port Brandonland
664,Lucas Greer,57,Lake Heidi
665,Tammy Williams,32,Aguirreville
666,Nichole Young,56,North Jose
667,Heather Glass,44,Stevensmouth
668,Elizabeth Jackson,26,Norrisview
669,Teresa Gutierrez,38,Lanceborough
670,John Ball,26,West Bethville
671,Stacey Simmons,57,Lake Michael
672,Mark Lester,19,Haleyville
673,Linda Cox,32,Spencerbury
674,Douglas Davis,47,Reeseview
675,Brenda Wilson,47,Carpenterport
676,Dennis Reed,53,Williambury
677,Nicholas Clark,40,East Mark
678,Kimberly Kelly,30,Jacobchester
679,Edward Nguyen,60,Port Kaitlyn
680,Ronald Jimenez,37,New Jasmineburgh
681,Brenda Wu,24,Port Virginia
682,Mrs. Becky Young,50,Wallerchester
683,Cynthia Thompson,32,Cohenport
684,Karen Jones,63,New Maria
685,Samantha Mcmillan,41,East Jesushaven
686,Daniel Perry,56,East Sarahchester
687,William Serrano,59,Port Phillip
688,Joshua Foster,28,North Anita
689,Martin Underwood,55,North Denisechester
690,Robert Miller,46,North Andreaside
691,Lee Harris,21,Elijahville
692,Joseph Shaw,33,North Jason
693,Pamela Hess,58,North Phillip
694,Kimberly Noble,57,Port Steven
695,Angela Woods,26,Michaelside
696,Daniel Vazquez,34,South Andreaville
697,Timothy Wilson,37,Elliston
698,Jason Foster,39,Danielland
699,Lisa Dodson,34,Virginiafort
700,Jonathon Raymond,not_a_number,Lake Stephanieland
701,Malik White,25,Dianastad
702,Michelle Vazquez,38,Ryanmouth
703,Margaret Gilbert,30,Timothyside
704,Jenna Schwartz,31,West Jerrystad
705,Linda Wilson,51,West Leon
706,Ashley Rivas,51,Youngburgh
707,Tara Tucker MD,48,South Jamesside
708,Karen Garcia,43,Williamberg
709,Joe Rodriguez,29,New Heidichester
710,Benjamin Wright,21,Rodneyfurt
711,Jennifer Morris,38,Lake Tara
712,Michael Jackson,24,West Gerald
713,Kevin Zimmerman,20,Mckinneyland
714,Monica Martinez,20,Vazquezstad
715,Nathan Peterson,25,West Amber
716,Rebecca Benson,25,Sabrinafurt
717,Derek Ware,23,Kathleenport
718,Tiffany Freeman,21,Smallshire
719,Caleb Jones,32,East Richard
720,Alexander Mcbride,35,Michaelport
721,Tabitha Dixon,34,North Lauraview
722,Laura Flores,56,Eddiefurt
723,Steven Carlson,19,New Alan
724,Andrea Butler,47,North Sierraview
725,Jodi Hernandez,39,Lake Holly
726,Steven Brown,48,North Rachel
727,Joseph Garrett,53,Lake Eric
728,Brandon Vazquez,44,South Sara
729,Michael Ramirez,28,Valerieton
730,Eric Reed,62,North Anthonystad
731,Christina Soto,61,Lake Jeffrey
732,Judy Hoffman,22,Morgantown
733,Patrick Stewart,57,Lake Emmamouth
734,Ryan Esparza,24,Timothystad
735,Erik Cross,26,New James
736,Daniel Shea,20,Allenland
737,Diamond Thompson,30,Peterberg
738,Kevin Williams,52,Lake Christopher
739,Aaron Carter,57,New Shane
740,Debra Ingram,18,Millermouth
741,Krista Hodges,37,Port Craigton
742,Sergio Harrell,34,Smithstad
743,Tasha Johnson,44,Lake Lisastad
744,Edward Barrett,65,Lake Williamland
745,James White,60,Bakerland
746,Joshua Clements,29,Port John
747,Alejandro Munoz,60,Jamesstad
748,Anthony Howard,33,Williamsshire
749,Jesse Steele,60,Jonathanfort
750,,26,East Evanmouth
751,Ronald Berg,57,New Amanda
752,Daniel Reilly,42,West Christina
753,Kelly Young DDS,46,South Thomasstad
754,Andrew Warner,59,Onealmouth
755,Heidi Moore,22,Kathrynmouth
756,Daniel Benitez,48,Lake Jenniferberg
757,Derek Simmons,23,Diazton
758,Anthony Mcbride,58,Hancockstad
759,Deborah Boone,65,New Robert
760,Jeanette Blevins,64,North Maria
761,Thomas Allen,45,West Pamelachester
762,Mitchell Goodman,31,Clementsville
763,Jonathan Riley,21,South Amandahaven
764,Christopher Vega,51,North Katherine
765,Derek Rodriguez,52,Carlosmouth
766,Julia Pierce,25,South Robertberg
767,Jessica Shepard,32,South Kristy
768,Kimberly Hicks,51,Garcialand
769,Robert White,30,Lake Jonathantown
770,Christina Lowe,51,West Carl
771,Jean Holmes,42,Port Danielleland
772,Barbara Burns,47,East Kyleshire
773,Matthew Castillo,45,New Michael
774,Susan Garcia MD,18,Lindaberg
775,Cheryl Vaughan,35,East Alyssaburgh
776,Nicholas Taylor,36,Smithhaven
777,Dr. Adam Houston,63,Jennyhaven
778,Nathan Barber,63,Port Michaelmouth
779,Erin Wilson,20,Port Frankbury
780,Sheryl Cooley,62,New Sarah
781,Brent Gardner,37,West Albertmouth
782,Patricia Lee,56,North Michelle
783,Deanna Wilson,27,Lake Marcus
784,Catherine Barry,36,Lauraton
785,John Munoz,30,Nortonhaven
786,Jennifer Brown,19,West Karenside
787,Amanda Cook,32,New Steven
788,Anne Fisher,51,South Heatherhaven
789,Chase Green,46,New David
790,Henry Simmons,38,Valerieland
791,Janice Wolfe,49,Cowanland
792,Jasmine Sutton,58,Stephenfort
793,Angela West,18,Smithshire
794,Monica Goodman,30,Lisafort
795,Daniel Miles,20,West Timothyfurt
796,Todd Palmer,23,Port Patriciamouth
797,Taylor Baldwin,52,Robertsport
798,Christina Reynolds,55,Garciashire
799,Crystal Roberts,38,Mahoneyport
800,Kara Harding,not_a_number,Brendaville
801,Justin Mendoza,59,Lake Elizabeth
802,Christopher Hughes,34,South Christopher
803,Jasmine Spence,51,Lake Vanessa
804,Evan Anthony,49,Christytown
805,Stuart Cole,27,Port Williamhaven
806,Deborah Adams,45,Lake Jose
807,Jose Farley,43,Sotoview
808,Jamie Hart,47,Nancybury
809,David Fox,47,Lake Melvintown
810,Jason Barker,53,Newmanside
811,Sara Johnson,55,New Wendy
812,Theodore Davis,61,East Travis
813,Lori Dominguez,35,North Kathryn
814,Teresa Perkins,54,South Jacobhaven
815,Melissa Alexander,22,North Davidview
816,Austin Harrison,22,Andrewborough
817,Chris Fitzpatrick,60,Smithshire
818,Jasmine Garner,28,North Erin
819,Jane Baxter,47,Chadfurt
820,Thomas Best,55,East Kevin
821,Samuel Moon,24,Colemanfort
822,Tracy Myers,62,Byrdside
823,Kenneth Payne,20,Bishopchester
824,Robert Luna,28,Port Amyport
825,David Montgomery,54,West Katherine
826,Shannon Woodward,51,Joneschester
827,Adam Cantu,52,Taraburgh
828,Trevor Powell,50,Wilsonside
829,Christopher Jones,37,Rhodesland
830,Cheryl English,46,Suttonville
831,Alexander Cordova,40,Juliebury
832,Jeffrey Pena,34,Dawsonview
833,Charles Murray,18,Jonathanville
834,Ricardo Green,40,New David
835,Eric Vargas,60,Amyville
836,Brandon Garcia,49,West Diana
837,Leslie Ramirez,43,Justinview
838,Thomas Roman,63,Lake Danielle
839,Felicia Washington,24,Elijahchester
840,Willie Martinez,56,Jamesfurt
841,Mr. Douglas Forbes,23,North Coltonshire
842,Veronica Pearson,26,Lake Walter
843,Michelle Douglas,58,Reginabury
844,Derrick Duke,46,East Robin
845,David Burke,65,Port Madeline
846,Lisa Webster,39,Jenniferchester
847,Dalton Williams,36,Crystalview
848,Monica Morgan,22,West Angel
849,Christopher Smith,20,East Kaylaton
850,Carla Watkins,46,North Shirleyport
851,William Davis,48,Ashleyborough
852,James Santiago,48,Crystalshire
853,Whitney Edwards,43,East Hollytown
854,Adam Cochran,51,South Kayla
855,Matthew Villanueva,27,New Taylor
856,Jacob Smith,20,Clarktown
857,Amanda King,35,Freemantown
858,William Reeves,36,North Joel
859,Vanessa Parker,24,Lake Christophermouth
860,Curtis Mason,65,South Victoria
861,Alan Williams,37,East Carrie
862,Donald Parker,34,Colemanbury
863,Terry Perry,35,South Beverly
864,Jimmy Francis,63,South Melissafort
865,Pamela Rojas,33,West Janice
866,John White,21,Lake Ashley
867,Ricardo Buchanan,47,Rodriguezshire
868,Raymond Compton,25,South Roy
869,Dalton Elliott,60,Pachecofurt
870,Erik Rodriguez,23,North Kariborough
871,Blake Medina,19,Floresmouth
872,Michael Salas MD,50,South Amyfurt
873,Samuel Smith,18,East Ericafort
874,Victoria Griffin,53,Kingside
875,Stacey Lewis,53,Lake Rubenhaven
876,Stacey Perez,54,New Jenniferview
877,Benjamin Hernandez,31,West Sergioview
878,Brian Coleman,33,Lake Carolyn
879,John Wilson,59,Charlesside
880,Danny Nichols,56,Jenniferview
881,Claudia Austin,30,Walkerborough
882,James Ramirez,62,Robertport
883,Dawn Atkinson,34,Chavezmouth
884,Nathan Cline,53,West April
885,Roberta Elliott,29,New Kelly
886,Jacob Clark,56,Lake Christopher
887,Adam Meadows,31,Dominiquebury
888,Natalie Nelson,43,New Patriciastad
889,Suzanne Cooper,23,Marisamouth
890,Christopher Thomas,22,Cookburgh
891,Sonya Rodriguez,57,Davisport
892,Michelle Jones,39,South Jeffery
893,David Perry,45,Port Hannah
894,Andrea Rodriguez,57,Aaronville
895,Heather Mcneil,65,South Arthurshire
896,Amanda Bailey,29,West Patrick
897,Carmen Schultz,38,Drakeport
898,Jamie Anderson,55,Howardville
899,Steve Levine,65,South Tamara
900,,not_a_number,New Phyllis
901,Dr. Lindsay Simpson DVM,43,Robertport
902,Jason Hopkins,63,East Steven
903,David Andersen,20,Hunterhaven
904,Michael Morris,46,Lucaschester
905,Mr. Troy Terrell,26,Foxview
906,Donna Flores,53,North Kevin
907,Darlene Buchanan,35,Jonesstad
908,Jacqueline Hayes,48,Anthonymouth
909,Kayla Mcconnell,56,Floresmouth
910,Kristy Chaney,48,Christensenland
911,Adam Santos,24,Kellyton
912,Bryan Booth,29,North Jamesborough
913,Matthew Mccullough,42,East Kurt
914,Jay Elliott,56,North Barbarahaven
915,Amber Torres,22,Lake Justin
916,Thomas Griffin,31,Alanberg
917,Rebecca Wilson,19,East Anthony
918,Christopher Moore,32,South Raymondview
919,Christine Mitchell,32,Lake Mark
920,Sherry Jones,19,Port Jennifer
921,Harold Smith,19,Port Williefurt
922,Robert Lopez,49,Maryville
923,Ronald Garcia,21,Lisaland
924,Justin Sanchez,61,South Jennifertown
925,Ann Torres,22,New Brian
926,Victoria Jones,26,West Samuelberg
927,Gary Clark,58,New Madisontown
928,Raymond Hanson,43,Wardberg
929,Amanda Kirk,31,North Kevin
930,Patrick Thompson,25,South Petermouth
931,Lauren Dixon,18,Jonathanbury
932,Benjamin Lewis,43,Wilsonmouth
933,Carol Porter MD,38,Matthewmouth
934,David Whitney,59,South Anthonychester
935,Robert Francis,29,Dwaynebury
936,Alan Martinez,18,South Andrea
937,Lisa Moore,45,South Dylan
938,Vicki Sandoval,65,Brianfurt
939,Angela Carpenter,18,North Jenniferbury
940,Tina Ortiz,46,Port Ericport
941,Michelle Newton,54,Lake Ronald
942,Isaac Ramsey,22,Savannahville
943,William Simmons,27,North Joel
944,James Thomas,27,Danielland
945,Jessica Dean,39,Amberton
946,Makayla Harris,59,Josehaven
947,Kimberly Torres,54,South Connietown
948,Frank Jenkins,32,North Thomasstad
949,John Williams,64,South Kellie
950,Taylor Kaufman,22,East Sydneyside
951,Jordan Wagner,25,Phillipschester
952,James Castillo,50,Lake Elizabethchester
953,Sara Rogers,27,West Garyside
954,Veronica Barker,64,Crossview
955,Eric Hardy,56,North David
956,Michael Lang,65,Jamesfort
957,David Hamilton,61,Jimenezchester
958,Scott Spence,23,Nguyenville
959,Keith Rowe,62,Andrewburgh
960,Matthew Gonzalez,44,New Alex
961,Luke Montgomery,43,New Shelly
962,Richard Griffith,45,Cantushire
963,Lydia Moore,27,Sarahside
964,Danielle Mathews,33,Ronniemouth
965,Samuel Smith,21,Garciafort
966,Jennifer Frank,57,Pattersonhaven
967,Cheryl Bennett,33,East Robert
968,Mark Patel,19,Crawfordside
969,Crystal Andrade,56,Wrightburgh
970,Deanna Rocha,41,Port Derek
971,Melissa Morgan,28,Hullville
972,Jennifer Martin,36,Meyerston
973,Benjamin Williams,64,South Laurachester
974,Sarah Bailey,45,Abigailville
975,Ruben Crane,27,Richardberg
976,Thomas Gordon DDS,61,Nathanside
977,Hannah Peterson,31,South Gloriaville
978,Elizabeth White,28,Kevinborough
979,Jason Gardner,29,West Stephanie
980,Joseph Vance,30,Robertsshire
981,Jeffery Norris,53,Ortizport
982,Mark Hernandez,29,Melaniechester
983,Sandy Nguyen,18,Singhview
984,Jeffrey Johnson,60,Richardfort
985,Joel Stewart,26,South Brucehaven
986,Andrew Garcia,64,Antonioburgh
987,Craig Ritter,36,Ramosbury
988,Kevin Nguyen,18,Chavezville
989,Shelly Smith,39,Lake Reneetown
990,Jacob Tapia,40,Loganburgh
991,Jessica Orr,42,Markburgh
992,Logan Morris,18,Patriciaside
993,Michael Combs,25,East Melissachester
994,Gavin Chen,23,South Taylorfurt
995,Brian Frank,40,Port Amy
996,John Thornton,62,West Amandabury
997,Michelle King,21,Leonardburgh
998,Ashley Yang,18,Tylerfort
999,Sarah Rios,48,Brandonbury
1000,Holly Jimenez,not_a_number,Sandrastad
1001,Larry Clay,38,Jamesport
1002,Stephen Adams,19,Patrickberg
1003,Samantha Anderson,41,Stevenfurt
1004,Michael Walters,20,Curtiston
1005,Jamie Rivera,36,Gardnerstad
1006,Anthony Solomon,51,New Marc
1007,Andrea Rivera,45,North Stacy
1008,Annette Davis,18,Lake Monicaville
1009,Dr. Dawn Villarreal,65,Port Lydiamouth
1010,Lynn Beck,39,Port Jonathan
1011,Makayla Lopez,23,Thorntonborough
1012,Gina Williams,48,Brownberg
1013,Rebecca Roberts,31,New Tammybury
1014,Debbie Myers,28,South Emilyshire
1015,Maureen Allen,35,Sheenabury
1016,Patricia Wilson,22,Lake Kimberly
1017,Phillip Collins,44,Coxchester
1018,Stephen Johnson,39,Lorettaville
1019,Raymond Jones,30,Lake Johnfort
1020,Regina Kim,45,Pennychester
1021,Michelle Reyes,21,South David
1022,Jessica Chavez,64,Kyleside
1023,Nicholas Cardenas,31,Elizabethtown
1024,Gene Watson,30,Caseshire
1025,Mr. Justin Smith MD,40,Jefferyview
1026,Caroline Chan,54,Laurenside
1027,James Duncan,20,Port Thomaston
1028,John Hayes,40,East Jeff
1029,James Wilson,28,Chungton
1030,Dana Riley MD,61,Villaside
1031,Amanda Beltran,45,Hollystad
1032,Lucas Herrera,41,Davidstad
1033,Adriana Navarro,57,New Bethany
1034,Brandon Gomez,50,Port Bonnie
1035,Jesse Henry,20,Snydershire
1036,Mark Brown,65,Andrewview
1037,Nicholas Miles,43,Lake James
1038,Michael Arias,38,Lake Briana
1039,Erica Garza,29,Lake Deborah
1040,Brandy Ingram,19,Garrettton
1041,Chloe Jackson,45,Meyerview
1042,Christine Ortiz,27,Larryfurt
1043,Mark Anderson,26,Bestville
1044,Brittany Fowler,19,Josephbury
1045,Kelly Chang,54,Deannashire
1046,Tiffany Duffy,40,West Kristenbury
1047,Brittany Marks,23,Nicolehaven
1048,Eric Moore,20,Lake Dustin
1049,Tyler Fletcher,21,Obrienburgh
1050,,51,Patrickmouth
1051,Katherine Sanchez,59,Samuelburgh
1052,Colin Jennings,43,South John
1053,Julian Sandoval,33,Sierraville
1054,David Johnston,61,East Ashleychester
1055,Justin Alvarez,37,Burtonville
1056,Matthew Kramer,46,Reyesberg
1057,Alyssa Price,47,Brianstad
1058,Shawn Brandt,36,Pattonton
1059,Sandra Lee,25,Fishermouth
1060,Anna Newton,49,Port Robert
1061,Kathleen Smith,61,South William
1062,Heather Rivera,24,North Andreabury
1063,Amanda Reed,37,North Shannonberg
1064,Vernon Hall,28,West Robert
1065,Jennifer Barnes,29,New Elizabethfort
1066,Juan Levy,56,Penaview
1067,Jeffrey Carter,25,Rebeccastad
1068,Vickie Cooper,20,Chenbury
1069,Randall Pitts,56,North Jared
1070,Lisa Wagner,60,Lake Micheleville
1071,Anthony Morris,60,Johnside
1072,Brianna Mason,63,Port Jeffrey
1073,Laura Jacobs,50,Jacobfurt
1074,Joshua James,20,Lovefort
1075,Kevin Banks,37,Pottershire
1076,John Brown,63,South Robertside
1077,Stacey Velez,59,Lake Destinyport
1078,Matthew Leblanc,45,Jeffreyfurt
1079,Pamela Weaver,51,Lisaburgh
1080,Autumn Padilla,33,Knightshire
1081,John Terry,53,Haroldton
1082,Gabriella Bright,40,Lake Lee
1083,Cory Hernandez,42,New Tyler
1084,John Robinson,63,West Krystal
1085,Angelica Garcia,27,New Lisamouth
1086,Sherry Rose,50,Hughesstad
1087,Stephanie Bowen,24,Port Duane
1088,Gabriel Obrien,54,Port Eric
1089,James Johnson,20,South Wendyberg
1090,David Foster,19,Port Amyfurt
1091,John Rodriguez,37,New Markfort
1092,Jill Smith MD,54,South Johnbury
1093,Christian King,31,Katherinefurt
1094,Charles Torres,48,East Billy
1095,Glenn Holmes,47,South Anthonyside
1096,Randy Bartlett,40,Lake Michael
1097,William White,61,Hernandezfort
1098,Aaron Walker,42,New Karenton
1099,Mary Schneider,26,New Jamesfort
1100,Jennifer Ramirez,not_a_number,Lake Michaelfort
1101,Alan Scott,18,Jefferyfurt
1102,John Davis,40,Port Amy
1103,Eric Reed,52,Port Samuelfort
1104,Megan Wagner,62,Lake Kennethchester
1105,Stephanie Lopez,57,Trujilloburgh
1106,Craig Garcia,46,Harrellstad
1107,Charles Hawkins,49,Lake Hollyberg
1108,Michael Owens,32,Bonnietown
1109,Jessica Newton MD,21,West Alexisburgh
1110,Matthew Kemp,19,Lake Kelli
1111,Nicholas Lopez,61,Jeffreystad
1112,Jorge Miller,18,Lake Markfort
1113,Brent Medina,24,Port Briana
1114,Tina Thompson,24,New Brittanymouth
1115,Courtney Pierce,38,Bobbychester
1116,Rebecca Morgan,31,East Michaelberg
1117,Shannon Rodriguez,62,Lake Stephenside
1118,Frank Bean,26,Lake Heather
1119,Logan Pearson,26,South Gina
1120,Joshua Ryan,35,Edwardschester
1121,Mary Huerta,62,Hayeshaven
1122,Timothy Bell,46,South Ivan
1123,Daniel Carson,19,West Sarahmouth
1124,Samuel Parsons,63,Michelletown
1125,Alexander Cuevas DVM,55,Bethfurt
1126,Erica Wilkins,50,West John
1127,Amy Mcdonald,47,Garciaside
1128,Ann Simmons,51,Lake Danielmouth
1129,Teresa Vaughn,65,Johnnybury
1130,Stephanie Wagner,46,Ericville
1131,Rebecca King,44,West Rhondaview
1132,Daniel Snyder,59,Lake Michael
1133,Hayley Andersen,37,Port Benjamin
1134,Mary Dodson,45,Jasonbury
1135,Ashley Gross,51,Port Kenneth
1136,Kyle Johnson,29,Danielton
1137,Caitlin Lin,65,South Nicole
1138,Paul Carlson,63,Harrisside
1139,Leslie Jacobs,29,New Vicki
1140,Rachel Whitehead,31,Allisonburgh
1141,Joseph Davis,42,Davisside
1142,Zoe Tucker,46,North Michaelfurt
1143,Chad Lopez,63,Harringtonton
1144,Martin Hester,39,East Anita
1145,Melanie Mendoza,45,East Jamesmouth
1146,Megan Schneider,35,Weissside
1147,Mark Santos,54,Lake Normastad
1148,Philip Watkins Jr.,35,East Charles
1149,Dylan Garcia,45,Snyderhaven
1150,Kimberly Evans,26,Rasmussenbury
1151,Amy Clark,63,Lunaview
1152,Ryan Baker,55,West Dwayne
1153,Carla Glover,52,Lake Jason
1154,Brandi Mitchell,57,Wendystad
1155,Eric Chung,43,East Derek
1156,Gina Simon,61,Rebeccaborough
1157,Raymond Fitzgerald,39,Duncanchester
1158,Kelly Powell,50,North Thomas
1159,Emma Walker,30,Mccarthyland
1160,Michael Smith,45,East Nicholas
1161,Lauren Wells,51,Katherinestad
1162,Frederick Cook,33,Lopezstad
1163,Cheryl Gilbert,57,Bishopbury
1164,Janet Woodward,56,Johnchester
1165,Mrs. Michelle Martinez MD,49,Jenniferstad
1166,Erica Li,62,Angelaside
1167,Michelle Parker,60,Conleybury
1168,Joy Jefferson,18,Raymondfurt
1169,Keith Ortiz DVM,65,North Jessicafort
1170,Tara Harrison,48,Stevenview
1171,Paul Garza,29,Lake Anthony
1172,James Love,18,Nicholasborough
1173,Victoria Johnson,33,Gregorymouth
1174,Richard Walker,39,Millerport
1175,Mark Rodriguez,33,East Brianville
1176,Eric Taylor DDS,53,North Melindaton
1177,Tracy Gutierrez,47,Port Amandaburgh
1178,Michael Johnson,44,Laneshire
1179,Randall Guzman,56,Vanceland
1180,Erik Kemp,55,Robertborough
1181,Tiffany Valdez,20,Lake Brittany
1182,Alexandra Brown,19,East Nancy
1183,Jack Roberson,28,East Miguel
1184,James Rich,37,Stevensside
1185,Erin Taylor,61,East Ray
1186,Rebecca May,63,East Eddie
1187,Molly Benitez,42,New Gabrielbury
1188,Phillip Martinez,26,Simonshire
1189,Courtney Shaw,25,Patriciafurt
1190,Christopher Thornton,52,Shawnland
1191,Daniel Sellers,39,Port Trevor
1192,Jacqueline Moore,40,New Emily
1193,Joanna Rose,23,Joshuamouth
1194,Sergio Weber,36,Amyborough
1195,Debra Bryan,55,West David
1196,Aaron Elliott,51,Chentown
1197,Marc Palmer,21,Pagemouth
1198,Krystal Martin,24,Montestown
1199,Samantha Banks,37,Andrewmouth
1200,,not_a_number,Port Davidborough
1201,Darrell Rice,33,West Stephen
1202,Kenneth Morales,34,New Harry
1203,Julie Bates,23,Stephaniemouth
1204,Troy Jones,50,West Markburgh
1205,Joseph Gibson,39,Russellshire
1206,Logan Ferguson,26,Hoffmanhaven
1207,Mary Pollard,19,East Stacybury
1208,Ronald Gonzalez,41,East Christianton
1209,Lance Forbes,56,North Bethanyland
1210,Mr. Andrew Cox,46,Smithview
1211,Nicholas Shaffer,64,South Jessicastad
1212,Kimberly Hall,49,South Steven
1213,Sara Mcknight,42,Port Danielbury
1214,Thomas Chung,51,Ramosburgh
1215,Garrett Davis,52,Port Jennifertown
1216,Adam Martinez,47,Shelbyhaven
1217,Jessica Hawkins,63,West Kevin
1218,Amy Gray,59,New Karenport
1219,Nancy Castillo,54,Lutzfurt
1220,Steven Morales,41,Port Anthony
1221,Ashley Hodges,39,Waltersburgh
1222,Tara Ballard,63,Johnsonside
1223,Mr. David Rivera Jr.,44,Justinmouth
1224,Richard Kennedy,28,Port Leslie
1225,Mr. Jason Kelly DDS,45,New Derek
1226,Douglas Thomas,57,Tinafort
1227,Danielle Patterson,44,Port Laura
1228,Lauren Smith,22,Timothyberg
1229,Allen Mathews,43,Garzaville
1230,Brian Williams,50,Madisonport
1231,Gary Simpson,45,Michellebury
1232,Jared Cortez,37,South Melissafurt
1233,Justin Silva,19,South Gregory
1234,Danielle Logan,59,Sparksview
1235,Elizabeth Fleming,43,Tylerland
1236,Amanda Reese,36,South Stephenmouth
1237,Amber Jones,54,New Joshua
1238,Laura Taylor,23,Paigechester
1239,Kaitlyn Yang,35,West Thomas
1240,Juan Johnson,52,Taylorside
1241,Joel Mckinney,33,Heatherside
1242,Linda Porter,54,Lorettaland
1243,Katherine Williams,22,North Janiceton
1244,Kenneth Ellison,25,Danielmouth
1245,Christopher Lawrence,61,North Wendyfort
1246,Julie Maynard,32,Jenniferstad
1247,Keith Roth,56,New Randallshire
1248,Blake Rivera,50,Henrystad
1249,Melissa Garcia,47,Port Melissa
1250,Monica Hess,18,New Frank
1251,Heather Jimenez,33,Cynthiafort
1252,Mrs. Melissa Thomas,39,Lake Saraport
1253,Amy Thomas,49,Leebury
1254,Gregory Burns,38,Johnhaven
1255,Jessica King,50,Brittanyfurt
1256,Karl Thompson,39,North Bruceberg
1257,Ashley Price,65,Burnettstad
1258,Terri Anderson,65,Hornechester
1259,Julia Love,55,Port Jamie
1260,Jeffrey Weiss,20,Chaseberg
1261,Robert Hester,38,West Debbie
1262,Kevin King,53,Richardchester
1263,Perry Spencer,42,West Andrea
1264,Ryan Friedman,29,Lake Katrina
1265,Kathleen Case,43,Marthachester
1266,Michael Phillips,46,East Joshuastad
1267,Taylor Rowe,24,South Danielfurt
1268,Steven Taylor,44,Anthonymouth
1269,Sherry Perez,20,Munoztown
1270,Amanda Reid,55,West Zacharyton
1271,Robin Goodman,38,Sandrastad
1272,Samantha Gomez,61,West Cheryl
1273,Sydney Thomas,35,Valeriehaven
1274,John Davis,26,South Diana
1275,Paul Jackson,38,New Gloria
1276,Sonia Hendrix,40,West Danielle
1277,Sarah Osborne,45,South Natalie
1278,Valerie Martinez,24,Lake Monica
1279,Dr. Amanda Rodriguez MD,35,Christopherfurt
1280,Danielle Brown,41,Darrellshire
1281,Benjamin Cantrell,31,Susanport
1282,Peter Crawford,39,Brandonbury
1283,Ryan Rivas,24,North Jacob
1284,Steve Moore PhD,46,North Douglasside
1285,Nicole Campbell,38,Weberberg
1286,Cynthia Holden,19,Phillipshaven
1287,Jennifer Baldwin,39,West Davidborough
1288,David Smith,55,Bakerfort
1289,Dominic Payne,43,Port Michelle
1290,Teresa Snyder,58,East Sheila
1291,Marcus Bradley,23,Alexbury
1292,Hannah Rogers,44,New Glendaport
1293,Jacqueline Hernandez,40,West Amber
1294,Kathryn Dunn,55,Diazhaven
1295,Pamela Herrera,53,Port Robertmouth
1296,Stephanie Riley,46,Hubbardbury
1297,Donald Salazar,63,Melissamouth
1298,Ivan Barnes,28,New Ashleymouth
1299,Crystal Park,56,New Amy
1300,Barbara Richardson,not_a_number,Burtonfurt
1301,Debra Bradshaw,19,East Amanda
1302,John Gutierrez,52,North Brian
1303,Edward Cross,32,Lake Janice
1304,Jacob Perez,40,Derekshire
1305,Joseph Horn,29,North Stephen
1306,Jon Rogers,59,North Lauraberg
1307,Heather Bradley,47,North Savannah
1308,Molly Gardner,65,Scotttown
1309,Thomas Edwards,21,Cobbview
1310,Mathew Stewart,46,Port Michael
1311,Phillip Jackson,55,Johnsonstad
1312,Rhonda Hughes,57,Johnsonfurt
1313,Gina York,54,Williamville
1314,Isabel Schultz,40,Millerberg
1315,Jack Trujillo,62,Ruizton
1316,Monica Gray,35,Erikaborough
1317,Jesse Palmer,36,Brendanmouth
1318,Darren Zhang,35,North Anthony
1319,Susan Wilson,62,Port Amy
1320,Jessica Jones,40,Hollytown
1321,Jason Freeman,26,East Sharonberg
1322,Stephanie Johns,39,Lake Martha
1323,Laura Rivera,33,Ortegashire
1324,Michael Stone,52,South Georgeview
1325,Sharon Reid,45,Smithmouth
1326,Amy Wallace,20,Bryantstad
1327,Jonathan Brown,29,Shelleyton
1328,Karl Valentine,36,Lake Katie
1329,Shelia Gibson,46,Port Jared
1330,Rachel Kane,61,Robertmouth
1331,Clayton Leonard,34,East Jacobland
1332,Richard Avery,56,South Franklinville
1333,Brian Gillespie,36,Port Joseph
1334,Scott Jones,40,East Josephport
1335,Jeremy Brown,21,Jeannefort
1336,Kayla Moran,57,New Franciscoburgh
1337,Brandi Hill,43,Stephenland
1338,Kenneth Brooks,37,Hancocktown
1339,Jack Bennett,36,East Victoria
1340,Jonathan Smith,19,West Wendy
1341,Sarah Foster,52,New Douglas
1342,Christopher Baker,33,Shawnview
1343,Jessica Barajas,20,Jasonbury
1344,Lori Fritz,34,New Jeffreyshire
1345,Kathleen Rivera,42,Brownview
1346,Drew Novak,62,Riveraville
1347,Brandi Kelley,64,Samanthaland
1348,Brendan Stevenson,63,Smithfurt
1349,Megan Avila,60,Brittanyberg
1350,,23,East David
1351,Tiffany Burns,35,South Craig
1352,Melody Davis,19,Colemanborough
1353,Amber Mccormick,22,North Kennethburgh
1354,Robert Young,54,Franklinberg
1355,Brittany Chang,26,Michaelstad
1356,Erika Wyatt,24,North Benjamintown
1357,Elizabeth Patterson,36,East Ricky
1358,Alexandra Hunt,33,Lake Scottville
1359,Alexander Miller,56,Ryanborough
1360,Denise Carter,19,East Samanthafort
1361,Helen Pacheco,42,Monicamouth
1362,James Frank,25,Henrytown
1363,Richard Hanson,52,Kathrynport
1364,Luis Adkins,43,Port Moniqueview
1365,Emily Johnson DDS,52,Lake Lisa
1366,Willie Irwin,20,Evansfort
1367,Ryan Anderson,33,Guzmanfort
1368,Kelly Oconnell,57,South Lauren
1369,Michael Martinez,65,North Juan
1370,Amy Sims,32,New Christopherbury
1371,Julie Kennedy,41,Joshuafort
1372,Katherine Moore,29,Jessicafurt
1373,Adrienne Reed,20,New Danielhaven
1374,Laurie Dennis,54,West Jacquelineview
1375,Jimmy Garcia,62,New Michael
1376,Patricia Ross,28,West Kaitlyn
1377,Maria Yang,57,Smithmouth
1378,Candace White,26,Port Feliciaburgh
1379,Oscar Jones,23,East Crystalmouth
1380,Robert Martin,19,West Bernardchester
1381,Rebecca Tucker,37,Port Samuelbury
1382,Madison Duncan,64,New Crystalbury
1383,Patricia Chavez,23,South Timothy
1384,Vincent Walker,23,Jillianland
1385,Debra Baker,63,Davidton
1386,Michael Johnson,60,Jacobville
1387,James Watkins,56,South Peggyland
1388,Robert Kaiser,22,Erikfort
1389,Michael Colon,18,Brycefort
1390,Jennifer Barry,65,South Veronica
1391,Christopher Stuart,32,New Annettemouth
1392,Shannon Greer,55,Cherylmouth
1393,Michael Lee,43,Jeffersonhaven
1394,Julia Bush,22,South Robertland
1395,Leslie Frazier,38,East Scott
1396,Patricia Crawford,21,Rollinsburgh
1397,Robert Lang,40,Elliston
1398,Johnathan Mendez,57,West Jeffreyfort
1399,Sydney Hickman,47,Matthewmouth
1400,Christopher Rosario,not_a_number,Leroyport
1401,Valerie Stevens,55,New Christopher
1402,Beth Vasquez,59,New Sandra
1403,Gina Suarez,19,Michaelview
1404,Melanie Aguirre,49,Port Matthew
1405,Michael Drake,42,South Amymouth
1406,Travis Mathews,21,West Ruthville
1407,Donna Young,30,Ellisland
1408,Teresa Gutierrez,20,Lake Dianemouth
1409,Micheal English,30,Andersonborough
1410,James Cook,62,Charlesstad
1411,Catherine Jackson,59,Campbellfurt
1412,Scott Blackwell,23,Curryborough
1413,David King,52,North Kathrynbury
1414,Dr. Angela Bridges,33,Nicholashaven
1415,Elizabeth Bradshaw,34,Cherryburgh
1416,Cynthia Martin,26,Williamside
1417,James Robertson,33,Lake Matthewshire
1418,Jonathan Nelson,64,Heatherton
1419,Shawn Murphy,24,Connerville
1420,Frank Rogers,55,West Anitaberg
1421,Shawn Hansen,65,Port Adamton
1422,Monica Stevenson,19,South Melissaborough
1423,Sarah Torres,62,Sarahshire
1424,Whitney Murphy,48,Marthaland
1425,Stacy Quinn,53,Alexandraburgh
1426,Zachary Randolph,22,East Austinstad
1427,Nicole James,29,West Amandamouth
1428,Stephanie Lawrence,33,Jamesport
1429,Donna Palmer,28,East Maryland
1430,Joshua Garcia,63,Williamshaven
1431,Daniel Gonzalez,40,Heidibury
1432,Amber Koch,50,Gregoryside
1433,Michelle Black,23,Fordborough
1434,Kenneth Holt,44,Bennetthaven
1435,Christopher Green,62,North Colleen
1436,Holly Harris,31,South Margaretstad
1437,Rachel Potter,29,Sanchezborough
1438,Donna Moore,28,Jessicamouth
1439,Crystal Smith,36,Travisstad
1440,Randy Compton,25,West Kelly
1441,Justin Miller,37,Jessicaton
1442,Laura Kirby,62,Lake David
1443,Breanna Curtis,50,Schneiderville
1444,Mark Arnold,59,East Virginia
1445,David Smith,48,Brookeland
1446,Sara Baker,43,Stacymouth
1447,Katherine Jones,51,South Barbarafort
1448,Manuel Mcdonald,36,East Cynthiaville
1449,Matthew Fletcher,39,New Eric
1450,Gregory Moore,23,Michaelstad
1451,Phillip Neal,18,South Michelle
1452,Ashley Rodriguez,57,Brownside
1453,Jenny Jackson,25,South Audreytown
1454,Sarah Yates,54,Erikamouth
1455,Austin Hartman,20,Lake Teresaton
1456,Michael Garcia,23,New Perryport
1457,Jody Fisher,34,New Heather
1458,Donald Delgado,34,Knightland
1459,James Hall,64,South Daniel
1460,Jeffrey Sellers,50,Johnborough
1461,Mr. Robert Terry,46,Grayland
1462,Walter Hartman,65,Sarahstad
1463,Mary Hunt,26,North Shaneville
1464,Cindy Berry,50,West Troy
1465,Margaret Brown,34,South Kirkmouth
1466,Michelle Black,23,Johnborough
1467,Virginia Holloway,57,Burnettburgh
1468,Jennifer Dickerson,44,North Michael
1469,Stephanie Rice,53,Robbinsberg
1470,Vincent Robbins,55,Laurabury
1471,Elizabeth Farley,59,West Joshua
1472,Patricia Glover,26,West Jessica
1473,Brandy Alexander,65,West Victoriamouth
1474,Paul Nelson,25,Kelleytown
1475,Jessica Becker,36,New Paula
1476,Scott Cook,52,West Erin
1477,Jamie Decker,49,Jessicastad
1478,Shaun James,53,North Edward
1479,Christopher Jones,32,Port Deniseland
1480,Zachary Osborne,22,Velezton
1481,Wanda Morris,35,New Rachelhaven
1482,Denise Liu,63,East Robertport
1483,Jeffrey Long,20,New Scottbury
1484,David Johnson,35,Marilynberg
1485,Eric Flynn,48,Danielhaven
1486,Brandon Dunn,34,Jefferytown
1487,Lisa Gibson,57,Timburgh
1488,Amy Kim,41,North Markburgh
1489,Kyle Hernandez,49,North Jason
1490,Jeremy Serrano,32,Crystalmouth
1491,Nicole Martin,29,Allisonshire
1492,David Macdonald,42,North Robert
1493,Krystal Martin,60,Angelamouth
1494,Paige Howe,39,Port Kellymouth
1495,Christopher Williams,53,Alexandraside
1496,Tina Dorsey,59,Jenniferview
1497,Thomas Gaines,55,Steelestad
1498,David Miller,44,Karamouth
1499,John Rodriguez,39,Port Calvinfort
1500,,not_a_number,Lake Sharon
